shipment_id,product_id,shipment_date,warehouse,quantity_received,quantity_damaged,transport_cost
SHIP0001,PROD001,2025-01-01,Lagos,100,0,800
SHIP0002,PROD002,2025-01-02,Abuja,107,3,837
SHIP0003,PROD003,2025-01-03,Port Harcourt,114,6,874
SHIP0004,PROD004,2025-01-04,Kano,121,9,911
SHIP0005,PROD005,2025-01-05,Ibadan,128,12,948
SHIP0006,PROD006,2025-01-06,Lagos,135,15,985
SHIP0007,PROD007,2025-01-07,Abuja,142,2,1022
SHIP0008,PROD008,2025-01-08,Port Harcourt,149,5,1059
SHIP0009,PROD009,2025-01-09,Kano,156,8,1096
SHIP0010,PROD010,2025-01-10,Ibadan,163,11,1133
SHIP0011,PROD011,2025-01-11,Lagos,170,14,1170
SHIP0012,PROD012,2025-01-12,Abuja,177,1,1207
SHIP0013,PROD013,2025-01-13,Port Harcourt,184,4,1244
SHIP0014,PROD014,2025-01-14,Kano,191,7,1281
SHIP0015,PROD015,2025-01-15,Ibadan,198,10,1318
SHIP0016,PROD016,2025-01-16,Lagos,205,13,1355
SHIP0017,PROD017,2025-01-17,Abuja,212,0,1392
SHIP0018,PROD018,2025-01-18,Port Harcourt,219,3,1429
SHIP0019,PROD019,2025-01-19,Kano,226,6,1466
SHIP0020,PROD020,2025-01-20,Ibadan,233,9,1503
SHIP0021,PROD021,2025-01-21,Lagos,240,12,1540
SHIP0022,PROD022,2025-01-22,Abuja,247,15,1577
SHIP0023,PROD023,2025-01-23,Port Harcourt,254,2,1614
SHIP0024,PROD024,2025-01-24,Kano,261,5,1651
SHIP0025,PROD025,2025-01-25,Ibadan,268,8,1688
SHIP0026,PROD026,2025-01-26,Lagos,275,11,1725
SHIP0027,PROD027,2025-01-27,Abuja,282,14,1762
SHIP0028,PROD028,2025-01-28,Port Harcourt,289,1,1799
SHIP0029,PROD029,2025-01-29,Kano,296,4,1836
SHIP0030,PROD030,2025-01-30,Ibadan,303,7,1873
SHIP0031,PROD031,2025-01-31,Lagos,310,10,1910
SHIP0032,PROD032,2025-02-01,Abuja,317,13,1947
SHIP0033,PROD033,2025-02-02,Port Harcourt,324,0,1984
SHIP0034,PROD034,2025-02-03,Kano,331,3,2021
SHIP0035,PROD035,2025-02-04,Ibadan,338,6,2058
SHIP0036,PROD036,2025-02-05,Lagos,345,9,2095
SHIP0037,PROD037,2025-02-06,Abuja,352,12,2132
SHIP0038,PROD038,2025-02-07,Port Harcourt,359,15,2169
SHIP0039,PROD039,2025-02-08,Kano,366,2,2206
SHIP0040,PROD040,2025-02-09,Ibadan,373,5,2243
SHIP0041,PROD041,2025-02-10,Lagos,380,8,2280
SHIP0042,PROD042,2025-02-11,Abuja,387,11,2317
SHIP0043,PROD043,2025-02-12,Port Harcourt,394,14,2354
SHIP0044,PROD044,2025-02-13,Kano,401,1,2391
SHIP0045,PROD045,2025-02-14,Ibadan,408,4,2428
SHIP0046,PROD046,2025-02-15,Lagos,415,7,2465
SHIP0047,PROD047,2025-02-16,Abuja,422,10,2502
SHIP0048,PROD048,2025-02-17,Port Harcourt,429,13,2539
SHIP0049,PROD049,2025-02-18,Kano,436,0,2576
SHIP0050,PROD050,2025-02-19,Ibadan,443,3,2613
SHIP0051,PROD051,2025-02-20,Lagos,450,6,2650
SHIP0052,PROD052,2025-02-21,Abuja,457,9,2687
SHIP0053,PROD053,2025-02-22,Port Harcourt,464,12,2724
SHIP0054,PROD054,2025-02-23,Kano,471,15,2761
SHIP0055,PROD055,2025-02-24,Ibadan,478,2,2798
SHIP0056,PROD056,2025-02-25,Lagos,485,5,2835
SHIP0057,PROD057,2025-02-26,Abuja,492,8,2872
SHIP0058,PROD058,2025-02-27,Port Harcourt,499,11,2909
SHIP0059,PROD059,2025-02-28,Kano,105,14,2946
SHIP0060,PROD060,2025-03-01,Ibadan,112,1,2983
SHIP0061,PROD061,2025-03-02,Lagos,119,4,819
SHIP0062,PROD062,2025-03-03,Abuja,126,7,856
SHIP0063,PROD063,2025-03-04,Port Harcourt,133,10,893
SHIP0064,PROD064,2025-03-05,Kano,140,13,930
SHIP0065,PROD065,2025-03-06,Ibadan,147,0,967
SHIP0066,PROD066,2025-03-07,Lagos,154,3,1004
SHIP0067,PROD067,2025-03-08,Abuja,161,6,1041
SHIP0068,PROD068,2025-03-09,Port Harcourt,168,9,1078
SHIP0069,PROD069,2025-03-10,Kano,175,12,1115
SHIP0070,PROD070,2025-03-11,Ibadan,182,15,1152
SHIP0071,PROD071,2025-03-12,Lagos,189,2,1189
SHIP0072,PROD072,2025-03-13,Abuja,196,5,1226
SHIP0073,PROD073,2025-03-14,Port Harcourt,203,8,1263
SHIP0074,PROD074,2025-03-15,Kano,210,11,1300
SHIP0075,PROD075,2025-03-16,Ibadan,217,14,1337
SHIP0076,PROD076,2025-03-17,Lagos,224,1,1374
SHIP0077,PROD077,2025-03-18,Abuja,231,4,1411
SHIP0078,PROD078,2025-03-19,Port Harcourt,238,7,1448
SHIP0079,PROD079,2025-03-20,Kano,245,10,1485
SHIP0080,PROD080,2025-03-21,Ibadan,252,13,1522
SHIP0081,PROD081,2025-03-22,Lagos,259,0,1559
SHIP0082,PROD082,2025-03-23,Abuja,266,3,1596
SHIP0083,PROD083,2025-03-24,Port Harcourt,273,6,1633
SHIP0084,PROD084,2025-03-25,Kano,280,9,1670
SHIP0085,PROD085,2025-03-26,Ibadan,287,12,1707
SHIP0086,PROD086,2025-03-27,Lagos,294,15,1744
SHIP0087,PROD087,2025-03-28,Abuja,301,2,1781
SHIP0088,PROD088,2025-03-29,Port Harcourt,308,5,1818
SHIP0089,PROD089,2025-03-30,Kano,315,8,1855
SHIP0090,PROD090,2025-03-31,Ibadan,322,11,1892
SHIP0091,PROD091,2025-04-01,Lagos,329,14,1929
SHIP0092,PROD092,2025-04-02,Abuja,336,1,1966
SHIP0093,PROD093,2025-04-03,Port Harcourt,343,4,2003
SHIP0094,PROD094,2025-04-04,Kano,350,7,2040
SHIP0095,PROD095,2025-04-05,Ibadan,357,10,2077
SHIP0096,PROD096,2025-04-06,Lagos,364,13,2114
SHIP0097,PROD097,2025-04-07,Abuja,371,0,2151
SHIP0098,PROD098,2025-04-08,Port Harcourt,378,3,2188
SHIP0099,PROD099,2025-04-09,Kano,385,6,2225
SHIP0100,PROD100,2025-04-10,Ibadan,392,9,2262
SHIP0101,PROD001,2025-04-11,Lagos,399,12,2299
SHIP0102,PROD002,2025-04-12,Abuja,406,15,2336
SHIP0103,PROD003,2025-04-13,Port Harcourt,413,2,2373
SHIP0104,PROD004,2025-04-14,Kano,420,5,2410
SHIP0105,PROD005,2025-04-15,Ibadan,427,8,2447
SHIP0106,PROD006,2025-04-16,Lagos,434,11,2484
SHIP0107,PROD007,2025-04-17,Abuja,441,14,2521
SHIP0108,PROD008,2025-04-18,Port Harcourt,448,1,2558
SHIP0109,PROD009,2025-04-19,Kano,455,4,2595
SHIP0110,PROD010,2025-04-20,Ibadan,462,7,2632
SHIP0111,PROD011,2025-04-21,Lagos,469,10,2669
SHIP0112,PROD012,2025-04-22,Abuja,476,13,2706
SHIP0113,PROD013,2025-04-23,Port Harcourt,483,0,2743
SHIP0114,PROD014,2025-04-24,Kano,490,3,2780
SHIP0115,PROD015,2025-04-25,Ibadan,497,6,2817
SHIP0116,PROD016,2025-04-26,Lagos,103,9,2854
SHIP0117,PROD017,2025-04-27,Abuja,110,12,2891
SHIP0118,PROD018,2025-04-28,Port Harcourt,117,15,2928
SHIP0119,PROD019,2025-04-29,Kano,124,2,2965
SHIP0120,PROD020,2025-04-30,Ibadan,131,5,801
SHIP0121,PROD021,2025-05-01,Lagos,138,8,838
SHIP0122,PROD022,2025-05-02,Abuja,145,11,875
SHIP0123,PROD023,2025-05-03,Port Harcourt,152,14,912
SHIP0124,PROD024,2025-05-04,Kano,159,1,949
SHIP0125,PROD025,2025-05-05,Ibadan,166,4,986
SHIP0126,PROD026,2025-05-06,Lagos,173,7,1023
SHIP0127,PROD027,2025-05-07,Abuja,180,10,1060
SHIP0128,PROD028,2025-05-08,Port Harcourt,187,13,1097
SHIP0129,PROD029,2025-05-09,Kano,194,0,1134
SHIP0130,PROD030,2025-05-10,Ibadan,201,3,1171
SHIP0131,PROD031,2025-05-11,Lagos,208,6,1208
SHIP0132,PROD032,2025-05-12,Abuja,215,9,1245
SHIP0133,PROD033,2025-05-13,Port Harcourt,222,12,1282
SHIP0134,PROD034,2025-05-14,Kano,229,15,1319
SHIP0135,PROD035,2025-05-15,Ibadan,236,2,1356
SHIP0136,PROD036,2025-05-16,Lagos,243,5,1393
SHIP0137,PROD037,2025-05-17,Abuja,250,8,1430
SHIP0138,PROD038,2025-05-18,Port Harcourt,257,11,1467
SHIP0139,PROD039,2025-05-19,Kano,264,14,1504
SHIP0140,PROD040,2025-05-20,Ibadan,271,1,1541
SHIP0141,PROD041,2025-05-21,Lagos,278,4,1578
SHIP0142,PROD042,2025-05-22,Abuja,285,7,1615
SHIP0143,PROD043,2025-05-23,Port Harcourt,292,10,1652
SHIP0144,PROD044,2025-05-24,Kano,299,13,1689
SHIP0145,PROD045,2025-05-25,Ibadan,306,0,1726
SHIP0146,PROD046,2025-05-26,Lagos,313,3,1763
SHIP0147,PROD047,2025-05-27,Abuja,320,6,1800
SHIP0148,PROD048,2025-05-28,Port Harcourt,327,9,1837
SHIP0149,PROD049,2025-05-29,Kano,334,12,1874
SHIP0150,PROD050,2025-05-30,Ibadan,341,15,1911
SHIP0151,PROD051,2025-05-31,Lagos,348,2,1948
SHIP0152,PROD052,2025-06-01,Abuja,355,5,1985
SHIP0153,PROD053,2025-06-02,Port Harcourt,362,8,2022
SHIP0154,PROD054,2025-06-03,Kano,369,11,2059
SHIP0155,PROD055,2025-06-04,Ibadan,376,14,2096
SHIP0156,PROD056,2025-06-05,Lagos,383,1,2133
SHIP0157,PROD057,2025-06-06,Abuja,390,4,2170
SHIP0158,PROD058,2025-06-07,Port Harcourt,397,7,2207
SHIP0159,PROD059,2025-06-08,Kano,404,10,2244
SHIP0160,PROD060,2025-06-09,Ibadan,411,13,2281
SHIP0161,PROD061,2025-06-10,Lagos,418,0,2318
SHIP0162,PROD062,2025-06-11,Abuja,425,3,2355
SHIP0163,PROD063,2025-06-12,Port Harcourt,432,6,2392
SHIP0164,PROD064,2025-06-13,Kano,439,9,2429
SHIP0165,PROD065,2025-06-14,Ibadan,446,12,2466
SHIP0166,PROD066,2025-06-15,Lagos,453,15,2503
SHIP0167,PROD067,2025-06-16,Abuja,460,2,2540
SHIP0168,PROD068,2025-06-17,Port Harcourt,467,5,2577
SHIP0169,PROD069,2025-06-18,Kano,474,8,2614
SHIP0170,PROD070,2025-06-19,Ibadan,481,11,2651
SHIP0171,PROD071,2025-06-20,Lagos,488,14,2688
SHIP0172,PROD072,2025-06-21,Abuja,495,1,2725
SHIP0173,PROD073,2025-06-22,Port Harcourt,101,4,2762
SHIP0174,PROD074,2025-06-23,Kano,108,7,2799
SHIP0175,PROD075,2025-06-24,Ibadan,115,10,2836
SHIP0176,PROD076,2025-06-25,Lagos,122,13,2873
SHIP0177,PROD077,2025-06-26,Abuja,129,0,2910
SHIP0178,PROD078,2025-06-27,Port Harcourt,136,3,2947
SHIP0179,PROD079,2025-06-28,Kano,143,6,2984
SHIP0180,PROD080,2025-06-29,Ibadan,150,9,820
SHIP0181,PROD081,2025-06-30,Lagos,157,12,857
SHIP0182,PROD082,2025-07-01,Abuja,164,15,894
SHIP0183,PROD083,2025-07-02,Port Harcourt,171,2,931
SHIP0184,PROD084,2025-07-03,Kano,178,5,968
SHIP0185,PROD085,2025-07-04,Ibadan,185,8,1005
SHIP0186,PROD086,2025-07-05,Lagos,192,11,1042
SHIP0187,PROD087,2025-07-06,Abuja,199,14,1079
SHIP0188,PROD088,2025-07-07,Port Harcourt,206,1,1116
SHIP0189,PROD089,2025-07-08,Kano,213,4,1153
SHIP0190,PROD090,2025-07-09,Ibadan,220,7,1190
SHIP0191,PROD091,2025-07-10,Lagos,227,10,1227
SHIP0192,PROD092,2025-07-11,Abuja,234,13,1264
SHIP0193,PROD093,2025-07-12,Port Harcourt,241,0,1301
SHIP0194,PROD094,2025-07-13,Kano,248,3,1338
SHIP0195,PROD095,2025-07-14,Ibadan,255,6,1375
SHIP0196,PROD096,2025-07-15,Lagos,262,9,1412
SHIP0197,PROD097,2025-07-16,Abuja,269,12,1449
SHIP0198,PROD098,2025-07-17,Port Harcourt,276,15,1486
SHIP0199,PROD099,2025-07-18,Kano,283,2,1523
SHIP0200,PROD100,2025-07-19,Ibadan,290,5,1560
SHIP0201,PROD001,2025-07-20,Lagos,297,8,1597
SHIP0202,PROD002,2025-07-21,Abuja,304,11,1634
SHIP0203,PROD003,2025-07-22,Port Harcourt,311,14,1671
SHIP0204,PROD004,2025-07-23,Kano,318,1,1708
SHIP0205,PROD005,2025-07-24,Ibadan,325,4,1745
SHIP0206,PROD006,2025-07-25,Lagos,332,7,1782
SHIP0207,PROD007,2025-07-26,Abuja,339,10,1819
SHIP0208,PROD008,2025-07-27,Port Harcourt,346,13,1856
SHIP0209,PROD009,2025-07-28,Kano,353,0,1893
SHIP0210,PROD010,2025-07-29,Ibadan,360,3,1930
SHIP0211,PROD011,2025-07-30,Lagos,367,6,1967
SHIP0212,PROD012,2025-07-31,Abuja,374,9,2004
SHIP0213,PROD013,2025-08-01,Port Harcourt,381,12,2041
SHIP0214,PROD014,2025-08-02,Kano,388,15,2078
SHIP0215,PROD015,2025-08-03,Ibadan,395,2,2115
SHIP0216,PROD016,2025-08-04,Lagos,402,5,2152
SHIP0217,PROD017,2025-08-05,Abuja,409,8,2189
SHIP0218,PROD018,2025-08-06,Port Harcourt,416,11,2226
SHIP0219,PROD019,2025-08-07,Kano,423,14,2263
SHIP0220,PROD020,2025-08-08,Ibadan,430,1,2300
SHIP0221,PROD021,2025-08-09,Lagos,437,4,2337
SHIP0222,PROD022,2025-08-10,Abuja,444,7,2374
SHIP0223,PROD023,2025-08-11,Port Harcourt,451,10,2411
SHIP0224,PROD024,2025-08-12,Kano,458,13,2448
SHIP0225,PROD025,2025-08-13,Ibadan,465,0,2485
SHIP0226,PROD026,2025-08-14,Lagos,472,3,2522
SHIP0227,PROD027,2025-08-15,Abuja,479,6,2559
SHIP0228,PROD028,2025-08-16,Port Harcourt,486,9,2596
SHIP0229,PROD029,2025-08-17,Kano,493,12,2633
SHIP0230,PROD030,2025-08-18,Ibadan,500,15,2670
SHIP0231,PROD031,2025-08-19,Lagos,106,2,2707
SHIP0232,PROD032,2025-08-20,Abuja,113,5,2744
SHIP0233,PROD033,2025-08-21,Port Harcourt,120,8,2781
SHIP0234,PROD034,2025-08-22,Kano,127,11,2818
SHIP0235,PROD035,2025-08-23,Ibadan,134,14,2855
SHIP0236,PROD036,2025-08-24,Lagos,141,1,2892
SHIP0237,PROD037,2025-08-25,Abuja,148,4,2929
SHIP0238,PROD038,2025-08-26,Port Harcourt,155,7,2966
SHIP0239,PROD039,2025-08-27,Kano,162,10,802
SHIP0240,PROD040,2025-08-28,Ibadan,169,13,839
SHIP0241,PROD041,2025-08-29,Lagos,176,0,876
SHIP0242,PROD042,2025-08-30,Abuja,183,3,913
SHIP0243,PROD043,2025-08-31,Port Harcourt,190,6,950
SHIP0244,PROD044,2025-09-01,Kano,197,9,987
SHIP0245,PROD045,2025-09-02,Ibadan,204,12,1024
SHIP0246,PROD046,2025-09-03,Lagos,211,15,1061
SHIP0247,PROD047,2025-09-04,Abuja,218,2,1098
SHIP0248,PROD048,2025-09-05,Port Harcourt,225,5,1135
SHIP0249,PROD049,2025-09-06,Kano,232,8,1172
SHIP0250,PROD050,2025-09-07,Ibadan,239,11,1209
SHIP0251,PROD051,2025-09-08,Lagos,246,14,1246
SHIP0252,PROD052,2025-09-09,Abuja,253,1,1283
SHIP0253,PROD053,2025-09-10,Port Harcourt,260,4,1320
SHIP0254,PROD054,2025-09-11,Kano,267,7,1357
SHIP0255,PROD055,2025-09-12,Ibadan,274,10,1394
SHIP0256,PROD056,2025-09-13,Lagos,281,13,1431
SHIP0257,PROD057,2025-09-14,Abuja,288,0,1468
SHIP0258,PROD058,2025-09-15,Port Harcourt,295,3,1505
SHIP0259,PROD059,2025-09-16,Kano,302,6,1542
SHIP0260,PROD060,2025-09-17,Ibadan,309,9,1579
SHIP0261,PROD061,2025-09-18,Lagos,316,12,1616
SHIP0262,PROD062,2025-09-19,Abuja,323,15,1653
SHIP0263,PROD063,2025-09-20,Port Harcourt,330,2,1690
SHIP0264,PROD064,2025-09-21,Kano,337,5,1727
SHIP0265,PROD065,2025-09-22,Ibadan,344,8,1764
SHIP0266,PROD066,2025-09-23,Lagos,351,11,1801
SHIP0267,PROD067,2025-09-24,Abuja,358,14,1838
SHIP0268,PROD068,2025-09-25,Port Harcourt,365,1,1875
SHIP0269,PROD069,2025-09-26,Kano,372,4,1912
SHIP0270,PROD070,2025-09-27,Ibadan,379,7,1949
SHIP0271,PROD071,2025-09-28,Lagos,386,10,1986
SHIP0272,PROD072,2025-09-29,Abuja,393,13,2023
SHIP0273,PROD073,2025-09-30,Port Harcourt,400,0,2060
SHIP0274,PROD074,2025-10-01,Kano,407,3,2097
SHIP0275,PROD075,2025-10-02,Ibadan,414,6,2134
SHIP0276,PROD076,2025-10-03,Lagos,421,9,2171
SHIP0277,PROD077,2025-10-04,Abuja,428,12,2208
SHIP0278,PROD078,2025-10-05,Port Harcourt,435,15,2245
SHIP0279,PROD079,2025-10-06,Kano,442,2,2282
SHIP0280,PROD080,2025-10-07,Ibadan,449,5,2319
SHIP0281,PROD081,2025-10-08,Lagos,456,8,2356
SHIP0282,PROD082,2025-10-09,Abuja,463,11,2393
SHIP0283,PROD083,2025-10-10,Port Harcourt,470,14,2430
SHIP0284,PROD084,2025-10-11,Kano,477,1,2467
SHIP0285,PROD085,2025-10-12,Ibadan,484,4,2504
SHIP0286,PROD086,2025-10-13,Lagos,491,7,2541
SHIP0287,PROD087,2025-10-14,Abuja,498,10,2578
SHIP0288,PROD088,2025-10-15,Port Harcourt,104,13,2615
SHIP0289,PROD089,2025-10-16,Kano,111,0,2652
SHIP0290,PROD090,2025-10-17,Ibadan,118,3,2689
SHIP0291,PROD091,2025-10-18,Lagos,125,6,2726
SHIP0292,PROD092,2025-10-19,Abuja,132,9,2763
SHIP0293,PROD093,2025-10-20,Port Harcourt,139,12,2800
SHIP0294,PROD094,2025-10-21,Kano,146,15,2837
SHIP0295,PROD095,2025-10-22,Ibadan,153,2,2874
SHIP0296,PROD096,2025-10-23,Lagos,160,5,2911
SHIP0297,PROD097,2025-10-24,Abuja,167,8,2948
SHIP0298,PROD098,2025-10-25,Port Harcourt,174,11,2985
SHIP0299,PROD099,2025-10-26,Kano,181,14,821
SHIP0300,PROD100,2025-10-27,Ibadan,188,1,858
SHIP0301,PROD001,2025-10-28,Lagos,195,4,895
SHIP0302,PROD002,2025-10-29,Abuja,202,7,932
SHIP0303,PROD003,2025-10-30,Port Harcourt,209,10,969
SHIP0304,PROD004,2025-10-31,Kano,216,13,1006
SHIP0305,PROD005,2025-11-01,Ibadan,223,0,1043
SHIP0306,PROD006,2025-11-02,Lagos,230,3,1080
SHIP0307,PROD007,2025-11-03,Abuja,237,6,1117
SHIP0308,PROD008,2025-11-04,Port Harcourt,244,9,1154
SHIP0309,PROD009,2025-11-05,Kano,251,12,1191
SHIP0310,PROD010,2025-11-06,Ibadan,258,15,1228
SHIP0311,PROD011,2025-11-07,Lagos,265,2,1265
SHIP0312,PROD012,2025-11-08,Abuja,272,5,1302
SHIP0313,PROD013,2025-11-09,Port Harcourt,279,8,1339
SHIP0314,PROD014,2025-11-10,Kano,286,11,1376
SHIP0315,PROD015,2025-11-11,Ibadan,293,14,1413
SHIP0316,PROD016,2025-11-12,Lagos,300,1,1450
SHIP0317,PROD017,2025-11-13,Abuja,307,4,1487
SHIP0318,PROD018,2025-11-14,Port Harcourt,314,7,1524
SHIP0319,PROD019,2025-11-15,Kano,321,10,1561
SHIP0320,PROD020,2025-11-16,Ibadan,328,13,1598
SHIP0321,PROD021,2025-11-17,Lagos,335,0,1635
SHIP0322,PROD022,2025-11-18,Abuja,342,3,1672
SHIP0323,PROD023,2025-11-19,Port Harcourt,349,6,1709
SHIP0324,PROD024,2025-11-20,Kano,356,9,1746
SHIP0325,PROD025,2025-11-21,Ibadan,363,12,1783
SHIP0326,PROD026,2025-11-22,Lagos,370,15,1820
SHIP0327,PROD027,2025-11-23,Abuja,377,2,1857
SHIP0328,PROD028,2025-11-24,Port Harcourt,384,5,1894
SHIP0329,PROD029,2025-11-25,Kano,391,8,1931
SHIP0330,PROD030,2025-11-26,Ibadan,398,11,1968
SHIP0331,PROD031,2025-11-27,Lagos,405,14,2005
SHIP0332,PROD032,2025-11-28,Abuja,412,1,2042
SHIP0333,PROD033,2025-11-29,Port Harcourt,419,4,2079
SHIP0334,PROD034,2025-11-30,Kano,426,7,2116
SHIP0335,PROD035,2025-12-01,Ibadan,433,10,2153
SHIP0336,PROD036,2025-12-02,Lagos,440,13,2190
SHIP0337,PROD037,2025-12-03,Abuja,447,0,2227
SHIP0338,PROD038,2025-12-04,Port Harcourt,454,3,2264
SHIP0339,PROD039,2025-12-05,Kano,461,6,2301
SHIP0340,PROD040,2025-12-06,Ibadan,468,9,2338
SHIP0341,PROD041,2025-12-07,Lagos,475,12,2375
SHIP0342,PROD042,2025-12-08,Abuja,482,15,2412
SHIP0343,PROD043,2025-12-09,Port Harcourt,489,2,2449
SHIP0344,PROD044,2025-12-10,Kano,496,5,2486
SHIP0345,PROD045,2025-12-11,Ibadan,102,8,2523
SHIP0346,PROD046,2025-12-12,Lagos,109,11,2560
SHIP0347,PROD047,2025-12-13,Abuja,116,14,2597
SHIP0348,PROD048,2025-12-14,Port Harcourt,123,1,2634
SHIP0349,PROD049,2025-12-15,Kano,130,4,2671
SHIP0350,PROD050,2025-12-16,Ibadan,137,7,2708
SHIP0351,PROD051,2025-12-17,Lagos,144,10,2745
SHIP0352,PROD052,2025-12-18,Abuja,151,13,2782
SHIP0353,PROD053,2025-12-19,Port Harcourt,158,0,2819
SHIP0354,PROD054,2025-12-20,Kano,165,3,2856
SHIP0355,PROD055,2025-12-21,Ibadan,172,6,2893
SHIP0356,PROD056,2025-12-22,Lagos,179,9,2930
SHIP0357,PROD057,2025-12-23,Abuja,186,12,2967
SHIP0358,PROD058,2025-12-24,Port Harcourt,193,15,803
SHIP0359,PROD059,2025-12-25,Kano,200,2,840
SHIP0360,PROD060,2025-12-26,Ibadan,207,5,877
SHIP0361,PROD061,2025-12-27,Lagos,214,8,914
SHIP0362,PROD062,2025-12-28,Abuja,221,11,951
SHIP0363,PROD063,2025-12-29,Port Harcourt,228,14,988
SHIP0364,PROD064,2025-12-30,Kano,235,1,1025
SHIP0365,PROD065,2025-12-31,Ibadan,242,4,1062
SHIP0366,PROD066,2025-01-01,Lagos,249,7,1099
SHIP0367,PROD067,2025-01-02,Abuja,256,10,1136
SHIP0368,PROD068,2025-01-03,Port Harcourt,263,13,1173
SHIP0369,PROD069,2025-01-04,Kano,270,0,1210
SHIP0370,PROD070,2025-01-05,Ibadan,277,3,1247
SHIP0371,PROD071,2025-01-06,Lagos,284,6,1284
SHIP0372,PROD072,2025-01-07,Abuja,291,9,1321
SHIP0373,PROD073,2025-01-08,Port Harcourt,298,12,1358
SHIP0374,PROD074,2025-01-09,Kano,305,15,1395
SHIP0375,PROD075,2025-01-10,Ibadan,312,2,1432
SHIP0376,PROD076,2025-01-11,Lagos,319,5,1469
SHIP0377,PROD077,2025-01-12,Abuja,326,8,1506
SHIP0378,PROD078,2025-01-13,Port Harcourt,333,11,1543
SHIP0379,PROD079,2025-01-14,Kano,340,14,1580
SHIP0380,PROD080,2025-01-15,Ibadan,347,1,1617
SHIP0381,PROD081,2025-01-16,Lagos,354,4,1654
SHIP0382,PROD082,2025-01-17,Abuja,361,7,1691
SHIP0383,PROD083,2025-01-18,Port Harcourt,368,10,1728
SHIP0384,PROD084,2025-01-19,Kano,375,13,1765
SHIP0385,PROD085,2025-01-20,Ibadan,382,0,1802
SHIP0386,PROD086,2025-01-21,Lagos,389,3,1839
SHIP0387,PROD087,2025-01-22,Abuja,396,6,1876
SHIP0388,PROD088,2025-01-23,Port Harcourt,403,9,1913
SHIP0389,PROD089,2025-01-24,Kano,410,12,1950
SHIP0390,PROD090,2025-01-25,Ibadan,417,15,1987
SHIP0391,PROD091,2025-01-26,Lagos,424,2,2024
SHIP0392,PROD092,2025-01-27,Abuja,431,5,2061
SHIP0393,PROD093,2025-01-28,Port Harcourt,438,8,2098
SHIP0394,PROD094,2025-01-29,Kano,445,11,2135
SHIP0395,PROD095,2025-01-30,Ibadan,452,14,2172
SHIP0396,PROD096,2025-01-31,Lagos,459,1,2209
SHIP0397,PROD097,2025-02-01,Abuja,466,4,2246
SHIP0398,PROD098,2025-02-02,Port Harcourt,473,7,2283
SHIP0399,PROD099,2025-02-03,Kano,480,10,2320
SHIP0400,PROD100,2025-02-04,Ibadan,487,13,2357
SHIP0401,PROD001,2025-02-05,Lagos,494,0,2394
SHIP0402,PROD002,2025-02-06,Abuja,100,3,2431
SHIP0403,PROD003,2025-02-07,Port Harcourt,107,6,2468
SHIP0404,PROD004,2025-02-08,Kano,114,9,2505
SHIP0405,PROD005,2025-02-09,Ibadan,121,12,2542
SHIP0406,PROD006,2025-02-10,Lagos,128,15,2579
SHIP0407,PROD007,2025-02-11,Abuja,135,2,2616
SHIP0408,PROD008,2025-02-12,Port Harcourt,142,5,2653
SHIP0409,PROD009,2025-02-13,Kano,149,8,2690
SHIP0410,PROD010,2025-02-14,Ibadan,156,11,2727
SHIP0411,PROD011,2025-02-15,Lagos,163,14,2764
SHIP0412,PROD012,2025-02-16,Abuja,170,1,2801
SHIP0413,PROD013,2025-02-17,Port Harcourt,177,4,2838
SHIP0414,PROD014,2025-02-18,Kano,184,7,2875
SHIP0415,PROD015,2025-02-19,Ibadan,191,10,2912
SHIP0416,PROD016,2025-02-20,Lagos,198,13,2949
SHIP0417,PROD017,2025-02-21,Abuja,205,0,2986
SHIP0418,PROD018,2025-02-22,Port Harcourt,212,3,822
SHIP0419,PROD019,2025-02-23,Kano,219,6,859
SHIP0420,PROD020,2025-02-24,Ibadan,226,9,896
SHIP0421,PROD021,2025-02-25,Lagos,233,12,933
SHIP0422,PROD022,2025-02-26,Abuja,240,15,970
SHIP0423,PROD023,2025-02-27,Port Harcourt,247,2,1007
SHIP0424,PROD024,2025-02-28,Kano,254,5,1044
SHIP0425,PROD025,2025-03-01,Ibadan,261,8,1081
SHIP0426,PROD026,2025-03-02,Lagos,268,11,1118
SHIP0427,PROD027,2025-03-03,Abuja,275,14,1155
SHIP0428,PROD028,2025-03-04,Port Harcourt,282,1,1192
SHIP0429,PROD029,2025-03-05,Kano,289,4,1229
SHIP0430,PROD030,2025-03-06,Ibadan,296,7,1266
SHIP0431,PROD031,2025-03-07,Lagos,303,10,1303
SHIP0432,PROD032,2025-03-08,Abuja,310,13,1340
SHIP0433,PROD033,2025-03-09,Port Harcourt,317,0,1377
SHIP0434,PROD034,2025-03-10,Kano,324,3,1414
SHIP0435,PROD035,2025-03-11,Ibadan,331,6,1451
SHIP0436,PROD036,2025-03-12,Lagos,338,9,1488
SHIP0437,PROD037,2025-03-13,Abuja,345,12,1525
SHIP0438,PROD038,2025-03-14,Port Harcourt,352,15,1562
SHIP0439,PROD039,2025-03-15,Kano,359,2,1599
SHIP0440,PROD040,2025-03-16,Ibadan,366,5,1636
SHIP0441,PROD041,2025-03-17,Lagos,373,8,1673
SHIP0442,PROD042,2025-03-18,Abuja,380,11,1710
SHIP0443,PROD043,2025-03-19,Port Harcourt,387,14,1747
SHIP0444,PROD044,2025-03-20,Kano,394,1,1784
SHIP0445,PROD045,2025-03-21,Ibadan,401,4,1821
SHIP0446,PROD046,2025-03-22,Lagos,408,7,1858
SHIP0447,PROD047,2025-03-23,Abuja,415,10,1895
SHIP0448,PROD048,2025-03-24,Port Harcourt,422,13,1932
SHIP0449,PROD049,2025-03-25,Kano,429,0,1969
SHIP0450,PROD050,2025-03-26,Ibadan,436,3,2006
SHIP0451,PROD051,2025-03-27,Lagos,443,6,2043
SHIP0452,PROD052,2025-03-28,Abuja,450,9,2080
SHIP0453,PROD053,2025-03-29,Port Harcourt,457,12,2117
SHIP0454,PROD054,2025-03-30,Kano,464,15,2154
SHIP0455,PROD055,2025-03-31,Ibadan,471,2,2191
SHIP0456,PROD056,2025-04-01,Lagos,478,5,2228
SHIP0457,PROD057,2025-04-02,Abuja,485,8,2265
SHIP0458,PROD058,2025-04-03,Port Harcourt,492,11,2302
SHIP0459,PROD059,2025-04-04,Kano,499,14,2339
SHIP0460,PROD060,2025-04-05,Ibadan,105,1,2376
SHIP0461,PROD061,2025-04-06,Lagos,112,4,2413
SHIP0462,PROD062,2025-04-07,Abuja,119,7,2450
SHIP0463,PROD063,2025-04-08,Port Harcourt,126,10,2487
SHIP0464,PROD064,2025-04-09,Kano,133,13,2524
SHIP0465,PROD065,2025-04-10,Ibadan,140,0,2561
SHIP0466,PROD066,2025-04-11,Lagos,147,3,2598
SHIP0467,PROD067,2025-04-12,Abuja,154,6,2635
SHIP0468,PROD068,2025-04-13,Port Harcourt,161,9,2672
SHIP0469,PROD069,2025-04-14,Kano,168,12,2709
SHIP0470,PROD070,2025-04-15,Ibadan,175,15,2746
SHIP0471,PROD071,2025-04-16,Lagos,182,2,2783
SHIP0472,PROD072,2025-04-17,Abuja,189,5,2820
SHIP0473,PROD073,2025-04-18,Port Harcourt,196,8,2857
SHIP0474,PROD074,2025-04-19,Kano,203,11,2894
SHIP0475,PROD075,2025-04-20,Ibadan,210,14,2931
SHIP0476,PROD076,2025-04-21,Lagos,217,1,2968
SHIP0477,PROD077,2025-04-22,Abuja,224,4,804
SHIP0478,PROD078,2025-04-23,Port Harcourt,231,7,841
SHIP0479,PROD079,2025-04-24,Kano,238,10,878
SHIP0480,PROD080,2025-04-25,Ibadan,245,13,915
SHIP0481,PROD081,2025-04-26,Lagos,252,0,952
SHIP0482,PROD082,2025-04-27,Abuja,259,3,989
SHIP0483,PROD083,2025-04-28,Port Harcourt,266,6,1026
SHIP0484,PROD084,2025-04-29,Kano,273,9,1063
SHIP0485,PROD085,2025-04-30,Ibadan,280,12,1100
SHIP0486,PROD086,2025-05-01,Lagos,287,15,1137
SHIP0487,PROD087,2025-05-02,Abuja,294,2,1174
SHIP0488,PROD088,2025-05-03,Port Harcourt,301,5,1211
SHIP0489,PROD089,2025-05-04,Kano,308,8,1248
SHIP0490,PROD090,2025-05-05,Ibadan,315,11,1285
SHIP0491,PROD091,2025-05-06,Lagos,322,14,1322
SHIP0492,PROD092,2025-05-07,Abuja,329,1,1359
SHIP0493,PROD093,2025-05-08,Port Harcourt,336,4,1396
SHIP0494,PROD094,2025-05-09,Kano,343,7,1433
SHIP0495,PROD095,2025-05-10,Ibadan,350,10,1470
SHIP0496,PROD096,2025-05-11,Lagos,357,13,1507
SHIP0497,PROD097,2025-05-12,Abuja,364,0,1544
SHIP0498,PROD098,2025-05-13,Port Harcourt,371,3,1581
SHIP0499,PROD099,2025-05-14,Kano,378,6,1618
SHIP0500,PROD100,2025-05-15,Ibadan,385,9,1655
SHIP0501,PROD001,2025-05-16,Lagos,392,12,1692
SHIP0502,PROD002,2025-05-17,Abuja,399,15,1729
SHIP0503,PROD003,2025-05-18,Port Harcourt,406,2,1766
SHIP0504,PROD004,2025-05-19,Kano,413,5,1803
SHIP0505,PROD005,2025-05-20,Ibadan,420,8,1840
SHIP0506,PROD006,2025-05-21,Lagos,427,11,1877
SHIP0507,PROD007,2025-05-22,Abuja,434,14,1914
SHIP0508,PROD008,2025-05-23,Port Harcourt,441,1,1951
SHIP0509,PROD009,2025-05-24,Kano,448,4,1988
SHIP0510,PROD010,2025-05-25,Ibadan,455,7,2025
SHIP0511,PROD011,2025-05-26,Lagos,462,10,2062
SHIP0512,PROD012,2025-05-27,Abuja,469,13,2099
SHIP0513,PROD013,2025-05-28,Port Harcourt,476,0,2136
SHIP0514,PROD014,2025-05-29,Kano,483,3,2173
SHIP0515,PROD015,2025-05-30,Ibadan,490,6,2210
SHIP0516,PROD016,2025-05-31,Lagos,497,9,2247
SHIP0517,PROD017,2025-06-01,Abuja,103,12,2284
SHIP0518,PROD018,2025-06-02,Port Harcourt,110,15,2321
SHIP0519,PROD019,2025-06-03,Kano,117,2,2358
SHIP0520,PROD020,2025-06-04,Ibadan,124,5,2395
SHIP0521,PROD021,2025-06-05,Lagos,131,8,2432
SHIP0522,PROD022,2025-06-06,Abuja,138,11,2469
SHIP0523,PROD023,2025-06-07,Port Harcourt,145,14,2506
SHIP0524,PROD024,2025-06-08,Kano,152,1,2543
SHIP0525,PROD025,2025-06-09,Ibadan,159,4,2580
SHIP0526,PROD026,2025-06-10,Lagos,166,7,2617
SHIP0527,PROD027,2025-06-11,Abuja,173,10,2654
SHIP0528,PROD028,2025-06-12,Port Harcourt,180,13,2691
SHIP0529,PROD029,2025-06-13,Kano,187,0,2728
SHIP0530,PROD030,2025-06-14,Ibadan,194,3,2765
SHIP0531,PROD031,2025-06-15,Lagos,201,6,2802
SHIP0532,PROD032,2025-06-16,Abuja,208,9,2839
SHIP0533,PROD033,2025-06-17,Port Harcourt,215,12,2876
SHIP0534,PROD034,2025-06-18,Kano,222,15,2913
SHIP0535,PROD035,2025-06-19,Ibadan,229,2,2950
SHIP0536,PROD036,2025-06-20,Lagos,236,5,2987
SHIP0537,PROD037,2025-06-21,Abuja,243,8,823
SHIP0538,PROD038,2025-06-22,Port Harcourt,250,11,860
SHIP0539,PROD039,2025-06-23,Kano,257,14,897
SHIP0540,PROD040,2025-06-24,Ibadan,264,1,934
SHIP0541,PROD041,2025-06-25,Lagos,271,4,971
SHIP0542,PROD042,2025-06-26,Abuja,278,7,1008
SHIP0543,PROD043,2025-06-27,Port Harcourt,285,10,1045
SHIP0544,PROD044,2025-06-28,Kano,292,13,1082
SHIP0545,PROD045,2025-06-29,Ibadan,299,0,1119
SHIP0546,PROD046,2025-06-30,Lagos,306,3,1156
SHIP0547,PROD047,2025-07-01,Abuja,313,6,1193
SHIP0548,PROD048,2025-07-02,Port Harcourt,320,9,1230
SHIP0549,PROD049,2025-07-03,Kano,327,12,1267
SHIP0550,PROD050,2025-07-04,Ibadan,334,15,1304
SHIP0551,PROD051,2025-07-05,Lagos,341,2,1341
SHIP0552,PROD052,2025-07-06,Abuja,348,5,1378
SHIP0553,PROD053,2025-07-07,Port Harcourt,355,8,1415
SHIP0554,PROD054,2025-07-08,Kano,362,11,1452
SHIP0555,PROD055,2025-07-09,Ibadan,369,14,1489
SHIP0556,PROD056,2025-07-10,Lagos,376,1,1526
SHIP0557,PROD057,2025-07-11,Abuja,383,4,1563
SHIP0558,PROD058,2025-07-12,Port Harcourt,390,7,1600
SHIP0559,PROD059,2025-07-13,Kano,397,10,1637
SHIP0560,PROD060,2025-07-14,Ibadan,404,13,1674
SHIP0561,PROD061,2025-07-15,Lagos,411,0,1711
SHIP0562,PROD062,2025-07-16,Abuja,418,3,1748
SHIP0563,PROD063,2025-07-17,Port Harcourt,425,6,1785
SHIP0564,PROD064,2025-07-18,Kano,432,9,1822
SHIP0565,PROD065,2025-07-19,Ibadan,439,12,1859
SHIP0566,PROD066,2025-07-20,Lagos,446,15,1896
SHIP0567,PROD067,2025-07-21,Abuja,453,2,1933
SHIP0568,PROD068,2025-07-22,Port Harcourt,460,5,1970
SHIP0569,PROD069,2025-07-23,Kano,467,8,2007
SHIP0570,PROD070,2025-07-24,Ibadan,474,11,2044
SHIP0571,PROD071,2025-07-25,Lagos,481,14,2081
SHIP0572,PROD072,2025-07-26,Abuja,488,1,2118
SHIP0573,PROD073,2025-07-27,Port Harcourt,495,4,2155
SHIP0574,PROD074,2025-07-28,Kano,101,7,2192
SHIP0575,PROD075,2025-07-29,Ibadan,108,10,2229
SHIP0576,PROD076,2025-07-30,Lagos,115,13,2266
SHIP0577,PROD077,2025-07-31,Abuja,122,0,2303
SHIP0578,PROD078,2025-08-01,Port Harcourt,129,3,2340
SHIP0579,PROD079,2025-08-02,Kano,136,6,2377
SHIP0580,PROD080,2025-08-03,Ibadan,143,9,2414
SHIP0581,PROD081,2025-08-04,Lagos,150,12,2451
SHIP0582,PROD082,2025-08-05,Abuja,157,15,2488
SHIP0583,PROD083,2025-08-06,Port Harcourt,164,2,2525
SHIP0584,PROD084,2025-08-07,Kano,171,5,2562
SHIP0585,PROD085,2025-08-08,Ibadan,178,8,2599
SHIP0586,PROD086,2025-08-09,Lagos,185,11,2636
SHIP0587,PROD087,2025-08-10,Abuja,192,14,2673
SHIP0588,PROD088,2025-08-11,Port Harcourt,199,1,2710
SHIP0589,PROD089,2025-08-12,Kano,206,4,2747
SHIP0590,PROD090,2025-08-13,Ibadan,213,7,2784
SHIP0591,PROD091,2025-08-14,Lagos,220,10,2821
SHIP0592,PROD092,2025-08-15,Abuja,227,13,2858
SHIP0593,PROD093,2025-08-16,Port Harcourt,234,0,2895
SHIP0594,PROD094,2025-08-17,Kano,241,3,2932
SHIP0595,PROD095,2025-08-18,Ibadan,248,6,2969
SHIP0596,PROD096,2025-08-19,Lagos,255,9,805
SHIP0597,PROD097,2025-08-20,Abuja,262,12,842
SHIP0598,PROD098,2025-08-21,Port Harcourt,269,15,879
SHIP0599,PROD099,2025-08-22,Kano,276,2,916
SHIP0600,PROD100,2025-08-23,Ibadan,283,5,953
SHIP0601,PROD001,2025-08-24,Lagos,290,8,990
SHIP0602,PROD002,2025-08-25,Abuja,297,11,1027
SHIP0603,PROD003,2025-08-26,Port Harcourt,304,14,1064
SHIP0604,PROD004,2025-08-27,Kano,311,1,1101
SHIP0605,PROD005,2025-08-28,Ibadan,318,4,1138
SHIP0606,PROD006,2025-08-29,Lagos,325,7,1175
SHIP0607,PROD007,2025-08-30,Abuja,332,10,1212
SHIP0608,PROD008,2025-08-31,Port Harcourt,339,13,1249
SHIP0609,PROD009,2025-09-01,Kano,346,0,1286
SHIP0610,PROD010,2025-09-02,Ibadan,353,3,1323
SHIP0611,PROD011,2025-09-03,Lagos,360,6,1360
SHIP0612,PROD012,2025-09-04,Abuja,367,9,1397
SHIP0613,PROD013,2025-09-05,Port Harcourt,374,12,1434
SHIP0614,PROD014,2025-09-06,Kano,381,15,1471
SHIP0615,PROD015,2025-09-07,Ibadan,388,2,1508
SHIP0616,PROD016,2025-09-08,Lagos,395,5,1545
SHIP0617,PROD017,2025-09-09,Abuja,402,8,1582
SHIP0618,PROD018,2025-09-10,Port Harcourt,409,11,1619
SHIP0619,PROD019,2025-09-11,Kano,416,14,1656
SHIP0620,PROD020,2025-09-12,Ibadan,423,1,1693
SHIP0621,PROD021,2025-09-13,Lagos,430,4,1730
SHIP0622,PROD022,2025-09-14,Abuja,437,7,1767
SHIP0623,PROD023,2025-09-15,Port Harcourt,444,10,1804
SHIP0624,PROD024,2025-09-16,Kano,451,13,1841
SHIP0625,PROD025,2025-09-17,Ibadan,458,0,1878
SHIP0626,PROD026,2025-09-18,Lagos,465,3,1915
SHIP0627,PROD027,2025-09-19,Abuja,472,6,1952
SHIP0628,PROD028,2025-09-20,Port Harcourt,479,9,1989
SHIP0629,PROD029,2025-09-21,Kano,486,12,2026
SHIP0630,PROD030,2025-09-22,Ibadan,493,15,2063
SHIP0631,PROD031,2025-09-23,Lagos,500,2,2100
SHIP0632,PROD032,2025-09-24,Abuja,106,5,2137
SHIP0633,PROD033,2025-09-25,Port Harcourt,113,8,2174
SHIP0634,PROD034,2025-09-26,Kano,120,11,2211
SHIP0635,PROD035,2025-09-27,Ibadan,127,14,2248
SHIP0636,PROD036,2025-09-28,Lagos,134,1,2285
SHIP0637,PROD037,2025-09-29,Abuja,141,4,2322
SHIP0638,PROD038,2025-09-30,Port Harcourt,148,7,2359
SHIP0639,PROD039,2025-10-01,Kano,155,10,2396
SHIP0640,PROD040,2025-10-02,Ibadan,162,13,2433
SHIP0641,PROD041,2025-10-03,Lagos,169,0,2470
SHIP0642,PROD042,2025-10-04,Abuja,176,3,2507
SHIP0643,PROD043,2025-10-05,Port Harcourt,183,6,2544
SHIP0644,PROD044,2025-10-06,Kano,190,9,2581
SHIP0645,PROD045,2025-10-07,Ibadan,197,12,2618
SHIP0646,PROD046,2025-10-08,Lagos,204,15,2655
SHIP0647,PROD047,2025-10-09,Abuja,211,2,2692
SHIP0648,PROD048,2025-10-10,Port Harcourt,218,5,2729
SHIP0649,PROD049,2025-10-11,Kano,225,8,2766
SHIP0650,PROD050,2025-10-12,Ibadan,232,11,2803
SHIP0651,PROD051,2025-10-13,Lagos,239,14,2840
SHIP0652,PROD052,2025-10-14,Abuja,246,1,2877
SHIP0653,PROD053,2025-10-15,Port Harcourt,253,4,2914
SHIP0654,PROD054,2025-10-16,Kano,260,7,2951
SHIP0655,PROD055,2025-10-17,Ibadan,267,10,2988
SHIP0656,PROD056,2025-10-18,Lagos,274,13,824
SHIP0657,PROD057,2025-10-19,Abuja,281,0,861
SHIP0658,PROD058,2025-10-20,Port Harcourt,288,3,898
SHIP0659,PROD059,2025-10-21,Kano,295,6,935
SHIP0660,PROD060,2025-10-22,Ibadan,302,9,972
SHIP0661,PROD061,2025-10-23,Lagos,309,12,1009
SHIP0662,PROD062,2025-10-24,Abuja,316,15,1046
SHIP0663,PROD063,2025-10-25,Port Harcourt,323,2,1083
SHIP0664,PROD064,2025-10-26,Kano,330,5,1120
SHIP0665,PROD065,2025-10-27,Ibadan,337,8,1157
SHIP0666,PROD066,2025-10-28,Lagos,344,11,1194
SHIP0667,PROD067,2025-10-29,Abuja,351,14,1231
SHIP0668,PROD068,2025-10-30,Port Harcourt,358,1,1268
SHIP0669,PROD069,2025-10-31,Kano,365,4,1305
SHIP0670,PROD070,2025-11-01,Ibadan,372,7,1342
SHIP0671,PROD071,2025-11-02,Lagos,379,10,1379
SHIP0672,PROD072,2025-11-03,Abuja,386,13,1416
SHIP0673,PROD073,2025-11-04,Port Harcourt,393,0,1453
SHIP0674,PROD074,2025-11-05,Kano,400,3,1490
SHIP0675,PROD075,2025-11-06,Ibadan,407,6,1527
SHIP0676,PROD076,2025-11-07,Lagos,414,9,1564
SHIP0677,PROD077,2025-11-08,Abuja,421,12,1601
SHIP0678,PROD078,2025-11-09,Port Harcourt,428,15,1638
SHIP0679,PROD079,2025-11-10,Kano,435,2,1675
SHIP0680,PROD080,2025-11-11,Ibadan,442,5,1712
SHIP0681,PROD081,2025-11-12,Lagos,449,8,1749
SHIP0682,PROD082,2025-11-13,Abuja,456,11,1786
SHIP0683,PROD083,2025-11-14,Port Harcourt,463,14,1823
SHIP0684,PROD084,2025-11-15,Kano,470,1,1860
SHIP0685,PROD085,2025-11-16,Ibadan,477,4,1897
SHIP0686,PROD086,2025-11-17,Lagos,484,7,1934
SHIP0687,PROD087,2025-11-18,Abuja,491,10,1971
SHIP0688,PROD088,2025-11-19,Port Harcourt,498,13,2008
SHIP0689,PROD089,2025-11-20,Kano,104,0,2045
SHIP0690,PROD090,2025-11-21,Ibadan,111,3,2082
SHIP0691,PROD091,2025-11-22,Lagos,118,6,2119
SHIP0692,PROD092,2025-11-23,Abuja,125,9,2156
SHIP0693,PROD093,2025-11-24,Port Harcourt,132,12,2193
SHIP0694,PROD094,2025-11-25,Kano,139,15,2230
SHIP0695,PROD095,2025-11-26,Ibadan,146,2,2267
SHIP0696,PROD096,2025-11-27,Lagos,153,5,2304
SHIP0697,PROD097,2025-11-28,Abuja,160,8,2341
SHIP0698,PROD098,2025-11-29,Port Harcourt,167,11,2378
SHIP0699,PROD099,2025-11-30,Kano,174,14,2415
SHIP0700,PROD100,2025-12-01,Ibadan,181,1,2452
SHIP0701,PROD001,2025-12-02,Lagos,188,4,2489
SHIP0702,PROD002,2025-12-03,Abuja,195,7,2526
SHIP0703,PROD003,2025-12-04,Port Harcourt,202,10,2563
SHIP0704,PROD004,2025-12-05,Kano,209,13,2600
SHIP0705,PROD005,2025-12-06,Ibadan,216,0,2637
SHIP0706,PROD006,2025-12-07,Lagos,223,3,2674
SHIP0707,PROD007,2025-12-08,Abuja,230,6,2711
SHIP0708,PROD008,2025-12-09,Port Harcourt,237,9,2748
SHIP0709,PROD009,2025-12-10,Kano,244,12,2785
SHIP0710,PROD010,2025-12-11,Ibadan,251,15,2822
SHIP0711,PROD011,2025-12-12,Lagos,258,2,2859
SHIP0712,PROD012,2025-12-13,Abuja,265,5,2896
SHIP0713,PROD013,2025-12-14,Port Harcourt,272,8,2933
SHIP0714,PROD014,2025-12-15,Kano,279,11,2970
SHIP0715,PROD015,2025-12-16,Ibadan,286,14,806
SHIP0716,PROD016,2025-12-17,Lagos,293,1,843
SHIP0717,PROD017,2025-12-18,Abuja,300,4,880
SHIP0718,PROD018,2025-12-19,Port Harcourt,307,7,917
SHIP0719,PROD019,2025-12-20,Kano,314,10,954
SHIP0720,PROD020,2025-12-21,Ibadan,321,13,991
SHIP0721,PROD021,2025-12-22,Lagos,328,0,1028
SHIP0722,PROD022,2025-12-23,Abuja,335,3,1065
SHIP0723,PROD023,2025-12-24,Port Harcourt,342,6,1102
SHIP0724,PROD024,2025-12-25,Kano,349,9,1139
SHIP0725,PROD025,2025-12-26,Ibadan,356,12,1176
SHIP0726,PROD026,2025-12-27,Lagos,363,15,1213
SHIP0727,PROD027,2025-12-28,Abuja,370,2,1250
SHIP0728,PROD028,2025-12-29,Port Harcourt,377,5,1287
SHIP0729,PROD029,2025-12-30,Kano,384,8,1324
SHIP0730,PROD030,2025-12-31,Ibadan,391,11,1361
SHIP0731,PROD031,2025-01-01,Lagos,398,14,1398
SHIP0732,PROD032,2025-01-02,Abuja,405,1,1435
SHIP0733,PROD033,2025-01-03,Port Harcourt,412,4,1472
SHIP0734,PROD034,2025-01-04,Kano,419,7,1509
SHIP0735,PROD035,2025-01-05,Ibadan,426,10,1546
SHIP0736,PROD036,2025-01-06,Lagos,433,13,1583
SHIP0737,PROD037,2025-01-07,Abuja,440,0,1620
SHIP0738,PROD038,2025-01-08,Port Harcourt,447,3,1657
SHIP0739,PROD039,2025-01-09,Kano,454,6,1694
SHIP0740,PROD040,2025-01-10,Ibadan,461,9,1731
SHIP0741,PROD041,2025-01-11,Lagos,468,12,1768
SHIP0742,PROD042,2025-01-12,Abuja,475,15,1805
SHIP0743,PROD043,2025-01-13,Port Harcourt,482,2,1842
SHIP0744,PROD044,2025-01-14,Kano,489,5,1879
SHIP0745,PROD045,2025-01-15,Ibadan,496,8,1916
SHIP0746,PROD046,2025-01-16,Lagos,102,11,1953
SHIP0747,PROD047,2025-01-17,Abuja,109,14,1990
SHIP0748,PROD048,2025-01-18,Port Harcourt,116,1,2027
SHIP0749,PROD049,2025-01-19,Kano,123,4,2064
SHIP0750,PROD050,2025-01-20,Ibadan,130,7,2101
SHIP0751,PROD051,2025-01-21,Lagos,137,10,2138
SHIP0752,PROD052,2025-01-22,Abuja,144,13,2175
SHIP0753,PROD053,2025-01-23,Port Harcourt,151,0,2212
SHIP0754,PROD054,2025-01-24,Kano,158,3,2249
SHIP0755,PROD055,2025-01-25,Ibadan,165,6,2286
SHIP0756,PROD056,2025-01-26,Lagos,172,9,2323
SHIP0757,PROD057,2025-01-27,Abuja,179,12,2360
SHIP0758,PROD058,2025-01-28,Port Harcourt,186,15,2397
SHIP0759,PROD059,2025-01-29,Kano,193,2,2434
SHIP0760,PROD060,2025-01-30,Ibadan,200,5,2471
SHIP0761,PROD061,2025-01-31,Lagos,207,8,2508
SHIP0762,PROD062,2025-02-01,Abuja,214,11,2545
SHIP0763,PROD063,2025-02-02,Port Harcourt,221,14,2582
SHIP0764,PROD064,2025-02-03,Kano,228,1,2619
SHIP0765,PROD065,2025-02-04,Ibadan,235,4,2656
SHIP0766,PROD066,2025-02-05,Lagos,242,7,2693
SHIP0767,PROD067,2025-02-06,Abuja,249,10,2730
SHIP0768,PROD068,2025-02-07,Port Harcourt,256,13,2767
SHIP0769,PROD069,2025-02-08,Kano,263,0,2804
SHIP0770,PROD070,2025-02-09,Ibadan,270,3,2841
SHIP0771,PROD071,2025-02-10,Lagos,277,6,2878
SHIP0772,PROD072,2025-02-11,Abuja,284,9,2915
SHIP0773,PROD073,2025-02-12,Port Harcourt,291,12,2952
SHIP0774,PROD074,2025-02-13,Kano,298,15,2989
SHIP0775,PROD075,2025-02-14,Ibadan,305,2,825
SHIP0776,PROD076,2025-02-15,Lagos,312,5,862
SHIP0777,PROD077,2025-02-16,Abuja,319,8,899
SHIP0778,PROD078,2025-02-17,Port Harcourt,326,11,936
SHIP0779,PROD079,2025-02-18,Kano,333,14,973
SHIP0780,PROD080,2025-02-19,Ibadan,340,1,1010
SHIP0781,PROD081,2025-02-20,Lagos,347,4,1047
SHIP0782,PROD082,2025-02-21,Abuja,354,7,1084
SHIP0783,PROD083,2025-02-22,Port Harcourt,361,10,1121
SHIP0784,PROD084,2025-02-23,Kano,368,13,1158
SHIP0785,PROD085,2025-02-24,Ibadan,375,0,1195
SHIP0786,PROD086,2025-02-25,Lagos,382,3,1232
SHIP0787,PROD087,2025-02-26,Abuja,389,6,1269
SHIP0788,PROD088,2025-02-27,Port Harcourt,396,9,1306
SHIP0789,PROD089,2025-02-28,Kano,403,12,1343
SHIP0790,PROD090,2025-03-01,Ibadan,410,15,1380
SHIP0791,PROD091,2025-03-02,Lagos,417,2,1417
SHIP0792,PROD092,2025-03-03,Abuja,424,5,1454
SHIP0793,PROD093,2025-03-04,Port Harcourt,431,8,1491
SHIP0794,PROD094,2025-03-05,Kano,438,11,1528
SHIP0795,PROD095,2025-03-06,Ibadan,445,14,1565
SHIP0796,PROD096,2025-03-07,Lagos,452,1,1602
SHIP0797,PROD097,2025-03-08,Abuja,459,4,1639
SHIP0798,PROD098,2025-03-09,Port Harcourt,466,7,1676
SHIP0799,PROD099,2025-03-10,Kano,473,10,1713
SHIP0800,PROD100,2025-03-11,Ibadan,480,13,1750
SHIP0801,PROD001,2025-03-12,Lagos,487,0,1787
SHIP0802,PROD002,2025-03-13,Abuja,494,3,1824
SHIP0803,PROD003,2025-03-14,Port Harcourt,100,6,1861
SHIP0804,PROD004,2025-03-15,Kano,107,9,1898
SHIP0805,PROD005,2025-03-16,Ibadan,114,12,1935
SHIP0806,PROD006,2025-03-17,Lagos,121,15,1972
SHIP0807,PROD007,2025-03-18,Abuja,128,2,2009
SHIP0808,PROD008,2025-03-19,Port Harcourt,135,5,2046
SHIP0809,PROD009,2025-03-20,Kano,142,8,2083
SHIP0810,PROD010,2025-03-21,Ibadan,149,11,2120
SHIP0811,PROD011,2025-03-22,Lagos,156,14,2157
SHIP0812,PROD012,2025-03-23,Abuja,163,1,2194
SHIP0813,PROD013,2025-03-24,Port Harcourt,170,4,2231
SHIP0814,PROD014,2025-03-25,Kano,177,7,2268
SHIP0815,PROD015,2025-03-26,Ibadan,184,10,2305
SHIP0816,PROD016,2025-03-27,Lagos,191,13,2342
SHIP0817,PROD017,2025-03-28,Abuja,198,0,2379
SHIP0818,PROD018,2025-03-29,Port Harcourt,205,3,2416
SHIP0819,PROD019,2025-03-30,Kano,212,6,2453
SHIP0820,PROD020,2025-03-31,Ibadan,219,9,2490
SHIP0821,PROD021,2025-04-01,Lagos,226,12,2527
SHIP0822,PROD022,2025-04-02,Abuja,233,15,2564
SHIP0823,PROD023,2025-04-03,Port Harcourt,240,2,2601
SHIP0824,PROD024,2025-04-04,Kano,247,5,2638
SHIP0825,PROD025,2025-04-05,Ibadan,254,8,2675
SHIP0826,PROD026,2025-04-06,Lagos,261,11,2712
SHIP0827,PROD027,2025-04-07,Abuja,268,14,2749
SHIP0828,PROD028,2025-04-08,Port Harcourt,275,1,2786
SHIP0829,PROD029,2025-04-09,Kano,282,4,2823
SHIP0830,PROD030,2025-04-10,Ibadan,289,7,2860
SHIP0831,PROD031,2025-04-11,Lagos,296,10,2897
SHIP0832,PROD032,2025-04-12,Abuja,303,13,2934
SHIP0833,PROD033,2025-04-13,Port Harcourt,310,0,2971
SHIP0834,PROD034,2025-04-14,Kano,317,3,807
SHIP0835,PROD035,2025-04-15,Ibadan,324,6,844
SHIP0836,PROD036,2025-04-16,Lagos,331,9,881
SHIP0837,PROD037,2025-04-17,Abuja,338,12,918
SHIP0838,PROD038,2025-04-18,Port Harcourt,345,15,955
SHIP0839,PROD039,2025-04-19,Kano,352,2,992
SHIP0840,PROD040,2025-04-20,Ibadan,359,5,1029
SHIP0841,PROD041,2025-04-21,Lagos,366,8,1066
SHIP0842,PROD042,2025-04-22,Abuja,373,11,1103
SHIP0843,PROD043,2025-04-23,Port Harcourt,380,14,1140
SHIP0844,PROD044,2025-04-24,Kano,387,1,1177
SHIP0845,PROD045,2025-04-25,Ibadan,394,4,1214
SHIP0846,PROD046,2025-04-26,Lagos,401,7,1251
SHIP0847,PROD047,2025-04-27,Abuja,408,10,1288
SHIP0848,PROD048,2025-04-28,Port Harcourt,415,13,1325
SHIP0849,PROD049,2025-04-29,Kano,422,0,1362
SHIP0850,PROD050,2025-04-30,Ibadan,429,3,1399
SHIP0851,PROD051,2025-05-01,Lagos,436,6,1436
SHIP0852,PROD052,2025-05-02,Abuja,443,9,1473
SHIP0853,PROD053,2025-05-03,Port Harcourt,450,12,1510
SHIP0854,PROD054,2025-05-04,Kano,457,15,1547
SHIP0855,PROD055,2025-05-05,Ibadan,464,2,1584
SHIP0856,PROD056,2025-05-06,Lagos,471,5,1621
SHIP0857,PROD057,2025-05-07,Abuja,478,8,1658
SHIP0858,PROD058,2025-05-08,Port Harcourt,485,11,1695
SHIP0859,PROD059,2025-05-09,Kano,492,14,1732
SHIP0860,PROD060,2025-05-10,Ibadan,499,1,1769
SHIP0861,PROD061,2025-05-11,Lagos,105,4,1806
SHIP0862,PROD062,2025-05-12,Abuja,112,7,1843
SHIP0863,PROD063,2025-05-13,Port Harcourt,119,10,1880
SHIP0864,PROD064,2025-05-14,Kano,126,13,1917
SHIP0865,PROD065,2025-05-15,Ibadan,133,0,1954
SHIP0866,PROD066,2025-05-16,Lagos,140,3,1991
SHIP0867,PROD067,2025-05-17,Abuja,147,6,2028
SHIP0868,PROD068,2025-05-18,Port Harcourt,154,9,2065
SHIP0869,PROD069,2025-05-19,Kano,161,12,2102
SHIP0870,PROD070,2025-05-20,Ibadan,168,15,2139
SHIP0871,PROD071,2025-05-21,Lagos,175,2,2176
SHIP0872,PROD072,2025-05-22,Abuja,182,5,2213
SHIP0873,PROD073,2025-05-23,Port Harcourt,189,8,2250
SHIP0874,PROD074,2025-05-24,Kano,196,11,2287
SHIP0875,PROD075,2025-05-25,Ibadan,203,14,2324
SHIP0876,PROD076,2025-05-26,Lagos,210,1,2361
SHIP0877,PROD077,2025-05-27,Abuja,217,4,2398
SHIP0878,PROD078,2025-05-28,Port Harcourt,224,7,2435
SHIP0879,PROD079,2025-05-29,Kano,231,10,2472
SHIP0880,PROD080,2025-05-30,Ibadan,238,13,2509
SHIP0881,PROD081,2025-05-31,Lagos,245,0,2546
SHIP0882,PROD082,2025-06-01,Abuja,252,3,2583
SHIP0883,PROD083,2025-06-02,Port Harcourt,259,6,2620
SHIP0884,PROD084,2025-06-03,Kano,266,9,2657
SHIP0885,PROD085,2025-06-04,Ibadan,273,12,2694
SHIP0886,PROD086,2025-06-05,Lagos,280,15,2731
SHIP0887,PROD087,2025-06-06,Abuja,287,2,2768
SHIP0888,PROD088,2025-06-07,Port Harcourt,294,5,2805
SHIP0889,PROD089,2025-06-08,Kano,301,8,2842
SHIP0890,PROD090,2025-06-09,Ibadan,308,11,2879
SHIP0891,PROD091,2025-06-10,Lagos,315,14,2916
SHIP0892,PROD092,2025-06-11,Abuja,322,1,2953
SHIP0893,PROD093,2025-06-12,Port Harcourt,329,4,2990
SHIP0894,PROD094,2025-06-13,Kano,336,7,826
SHIP0895,PROD095,2025-06-14,Ibadan,343,10,863
SHIP0896,PROD096,2025-06-15,Lagos,350,13,900
SHIP0897,PROD097,2025-06-16,Abuja,357,0,937
SHIP0898,PROD098,2025-06-17,Port Harcourt,364,3,974
SHIP0899,PROD099,2025-06-18,Kano,371,6,1011
SHIP0900,PROD100,2025-06-19,Ibadan,378,9,1048
SHIP0901,PROD001,2025-06-20,Lagos,385,12,1085
SHIP0902,PROD002,2025-06-21,Abuja,392,15,1122
SHIP0903,PROD003,2025-06-22,Port Harcourt,399,2,1159
SHIP0904,PROD004,2025-06-23,Kano,406,5,1196
SHIP0905,PROD005,2025-06-24,Ibadan,413,8,1233
SHIP0906,PROD006,2025-06-25,Lagos,420,11,1270
SHIP0907,PROD007,2025-06-26,Abuja,427,14,1307
SHIP0908,PROD008,2025-06-27,Port Harcourt,434,1,1344
SHIP0909,PROD009,2025-06-28,Kano,441,4,1381
SHIP0910,PROD010,2025-06-29,Ibadan,448,7,1418
SHIP0911,PROD011,2025-06-30,Lagos,455,10,1455
SHIP0912,PROD012,2025-07-01,Abuja,462,13,1492
SHIP0913,PROD013,2025-07-02,Port Harcourt,469,0,1529
SHIP0914,PROD014,2025-07-03,Kano,476,3,1566
SHIP0915,PROD015,2025-07-04,Ibadan,483,6,1603
SHIP0916,PROD016,2025-07-05,Lagos,490,9,1640
SHIP0917,PROD017,2025-07-06,Abuja,497,12,1677
SHIP0918,PROD018,2025-07-07,Port Harcourt,103,15,1714
SHIP0919,PROD019,2025-07-08,Kano,110,2,1751
SHIP0920,PROD020,2025-07-09,Ibadan,117,5,1788
SHIP0921,PROD021,2025-07-10,Lagos,124,8,1825
SHIP0922,PROD022,2025-07-11,Abuja,131,11,1862
SHIP0923,PROD023,2025-07-12,Port Harcourt,138,14,1899
SHIP0924,PROD024,2025-07-13,Kano,145,1,1936
SHIP0925,PROD025,2025-07-14,Ibadan,152,4,1973
SHIP0926,PROD026,2025-07-15,Lagos,159,7,2010
SHIP0927,PROD027,2025-07-16,Abuja,166,10,2047
SHIP0928,PROD028,2025-07-17,Port Harcourt,173,13,2084
SHIP0929,PROD029,2025-07-18,Kano,180,0,2121
SHIP0930,PROD030,2025-07-19,Ibadan,187,3,2158
SHIP0931,PROD031,2025-07-20,Lagos,194,6,2195
SHIP0932,PROD032,2025-07-21,Abuja,201,9,2232
SHIP0933,PROD033,2025-07-22,Port Harcourt,208,12,2269
SHIP0934,PROD034,2025-07-23,Kano,215,15,2306
SHIP0935,PROD035,2025-07-24,Ibadan,222,2,2343
SHIP0936,PROD036,2025-07-25,Lagos,229,5,2380
SHIP0937,PROD037,2025-07-26,Abuja,236,8,2417
SHIP0938,PROD038,2025-07-27,Port Harcourt,243,11,2454
SHIP0939,PROD039,2025-07-28,Kano,250,14,2491
SHIP0940,PROD040,2025-07-29,Ibadan,257,1,2528
SHIP0941,PROD041,2025-07-30,Lagos,264,4,2565
SHIP0942,PROD042,2025-07-31,Abuja,271,7,2602
SHIP0943,PROD043,2025-08-01,Port Harcourt,278,10,2639
SHIP0944,PROD044,2025-08-02,Kano,285,13,2676
SHIP0945,PROD045,2025-08-03,Ibadan,292,0,2713
SHIP0946,PROD046,2025-08-04,Lagos,299,3,2750
SHIP0947,PROD047,2025-08-05,Abuja,306,6,2787
SHIP0948,PROD048,2025-08-06,Port Harcourt,313,9,2824
SHIP0949,PROD049,2025-08-07,Kano,320,12,2861
SHIP0950,PROD050,2025-08-08,Ibadan,327,15,2898
SHIP0951,PROD051,2025-08-09,Lagos,334,2,2935
SHIP0952,PROD052,2025-08-10,Abuja,341,5,2972
SHIP0953,PROD053,2025-08-11,Port Harcourt,348,8,808
SHIP0954,PROD054,2025-08-12,Kano,355,11,845
SHIP0955,PROD055,2025-08-13,Ibadan,362,14,882
SHIP0956,PROD056,2025-08-14,Lagos,369,1,919
SHIP0957,PROD057,2025-08-15,Abuja,376,4,956
SHIP0958,PROD058,2025-08-16,Port Harcourt,383,7,993
SHIP0959,PROD059,2025-08-17,Kano,390,10,1030
SHIP0960,PROD060,2025-08-18,Ibadan,397,13,1067
SHIP0961,PROD061,2025-08-19,Lagos,404,0,1104
SHIP0962,PROD062,2025-08-20,Abuja,411,3,1141
SHIP0963,PROD063,2025-08-21,Port Harcourt,418,6,1178
SHIP0964,PROD064,2025-08-22,Kano,425,9,1215
SHIP0965,PROD065,2025-08-23,Ibadan,432,12,1252
SHIP0966,PROD066,2025-08-24,Lagos,439,15,1289
SHIP0967,PROD067,2025-08-25,Abuja,446,2,1326
SHIP0968,PROD068,2025-08-26,Port Harcourt,453,5,1363
SHIP0969,PROD069,2025-08-27,Kano,460,8,1400
SHIP0970,PROD070,2025-08-28,Ibadan,467,11,1437
SHIP0971,PROD071,2025-08-29,Lagos,474,14,1474
SHIP0972,PROD072,2025-08-30,Abuja,481,1,1511
SHIP0973,PROD073,2025-08-31,Port Harcourt,488,4,1548
SHIP0974,PROD074,2025-09-01,Kano,495,7,1585
SHIP0975,PROD075,2025-09-02,Ibadan,101,10,1622
SHIP0976,PROD076,2025-09-03,Lagos,108,13,1659
SHIP0977,PROD077,2025-09-04,Abuja,115,0,1696
SHIP0978,PROD078,2025-09-05,Port Harcourt,122,3,1733
SHIP0979,PROD079,2025-09-06,Kano,129,6,1770
SHIP0980,PROD080,2025-09-07,Ibadan,136,9,1807
SHIP0981,PROD081,2025-09-08,Lagos,143,12,1844
SHIP0982,PROD082,2025-09-09,Abuja,150,15,1881
SHIP0983,PROD083,2025-09-10,Port Harcourt,157,2,1918
SHIP0984,PROD084,2025-09-11,Kano,164,5,1955
SHIP0985,PROD085,2025-09-12,Ibadan,171,8,1992
SHIP0986,PROD086,2025-09-13,Lagos,178,11,2029
SHIP0987,PROD087,2025-09-14,Abuja,185,14,2066
SHIP0988,PROD088,2025-09-15,Port Harcourt,192,1,2103
SHIP0989,PROD089,2025-09-16,Kano,199,4,2140
SHIP0990,PROD090,2025-09-17,Ibadan,206,7,2177
SHIP0991,PROD091,2025-09-18,Lagos,213,10,2214
SHIP0992,PROD092,2025-09-19,Abuja,220,13,2251
SHIP0993,PROD093,2025-09-20,Port Harcourt,227,0,2288
SHIP0994,PROD094,2025-09-21,Kano,234,3,2325
SHIP0995,PROD095,2025-09-22,Ibadan,241,6,2362
SHIP0996,PROD096,2025-09-23,Lagos,248,9,2399
SHIP0997,PROD097,2025-09-24,Abuja,255,12,2436
SHIP0998,PROD098,2025-09-25,Port Harcourt,262,15,2473
SHIP0999,PROD099,2025-09-26,Kano,269,2,2510
SHIP1000,PROD100,2025-09-27,Ibadan,276,5,2547
